"","x","predicted","class","group"
"1",1976,0.445781756795075,"Conventional","White men"
"2",1976,0.251710218326228,"Neo-traditional","White men"
"3",1976,0.134626825201875,"Conventional Realists","White men"
"4",1976,0.0877235928754499,"Dual-earners","White men"
"5",1976,0.080157606801372,"Intensive Parents","White men"
"6",1976,0.369739730863993,"Conventional","White women"
"7",1976,0.328609847655527,"Neo-traditional","White women"
"8",1976,0.130966292897284,"Conventional Realists","White women"
"9",1976,0.116615264866732,"Dual-earners","White women"
"10",1976,0.0540688637164631,"Intensive Parents","White women"
"11",1976,0.327770634303353,"Conventional","Black men"
"12",1976,0.266366203314601,"Neo-traditional","Black men"
"13",1976,0.132649698568894,"Conventional Realists","Black men"
"14",1976,0.175780503926191,"Dual-earners","Black men"
"15",1976,0.0974329598869606,"Intensive Parents","Black men"
"16",1976,0.238820656423515,"Conventional","Black women"
"17",1976,0.251781088905403,"Neo-traditional","Black women"
"18",1976,0.0926846157799742,"Conventional Realists","Black women"
"19",1976,0.363278676871639,"Dual-earners","Black women"
"20",1976,0.0534349620194685,"Intensive Parents","Black women"
"21",1977,0.431592266340531,"Conventional","White men"
"22",1977,0.269404415862995,"Neo-traditional","White men"
"23",1977,0.160976321224242,"Conventional Realists","White men"
"24",1977,0.0520533509562063,"Dual-earners","White men"
"25",1977,0.085973645616026,"Intensive Parents","White men"
"26",1977,0.318521639039395,"Conventional","White women"
"27",1977,0.323881269256497,"Neo-traditional","White women"
"28",1977,0.156737421510328,"Conventional Realists","White women"
"29",1977,0.123823982889427,"Dual-earners","White women"
"30",1977,0.0770356873043533,"Intensive Parents","White women"
"31",1977,0.192764525056689,"Conventional","Black men"
"32",1977,0.22873162589589,"Neo-traditional","Black men"
"33",1977,0.140151742879091,"Conventional Realists","Black men"
"34",1977,0.283006365788304,"Dual-earners","Black men"
"35",1977,0.155345740380026,"Intensive Parents","Black men"
"36",1977,0.162888588560552,"Conventional","Black women"
"37",1977,0.316884790543484,"Neo-traditional","Black women"
"38",1977,0.11622524758685,"Conventional Realists","Black women"
"39",1977,0.326091320270896,"Dual-earners","Black women"
"40",1977,0.0779100530382176,"Intensive Parents","Black women"
"41",1978,0.397446157436123,"Conventional","White men"
"42",1978,0.286074255830563,"Neo-traditional","White men"
"43",1978,0.139496659085505,"Conventional Realists","White men"
"44",1978,0.0768734689135585,"Dual-earners","White men"
"45",1978,0.100109458734251,"Intensive Parents","White men"
"46",1978,0.301070332758945,"Conventional","White women"
"47",1978,0.331575851727726,"Neo-traditional","White women"
"48",1978,0.173978857974965,"Conventional Realists","White women"
"49",1978,0.118216823943208,"Dual-earners","White women"
"50",1978,0.0751581335951564,"Intensive Parents","White women"
"51",1978,0.152459627746269,"Conventional","Black men"
"52",1978,0.260380907332771,"Neo-traditional","Black men"
"53",1978,0.0876988078226544,"Conventional Realists","Black men"
"54",1978,0.337225320400644,"Dual-earners","Black men"
"55",1978,0.162235336697661,"Intensive Parents","Black men"
"56",1978,0.110961431273232,"Conventional","Black women"
"57",1978,0.324402513230725,"Neo-traditional","Black women"
"58",1978,0.0671213576257435,"Conventional Realists","Black women"
"59",1978,0.368233330978444,"Dual-earners","Black women"
"60",1978,0.129281366891856,"Intensive Parents","Black women"
"61",1979,0.388181709454708,"Conventional","White men"
"62",1979,0.316681993038011,"Neo-traditional","White men"
"63",1979,0.13751632195917,"Conventional Realists","White men"
"64",1979,0.0834242866697647,"Dual-earners","White men"
"65",1979,0.0741956888783465,"Intensive Parents","White men"
"66",1979,0.274752306166322,"Conventional","White women"
"67",1979,0.356740291727915,"Neo-traditional","White women"
"68",1979,0.155958844039968,"Conventional Realists","White women"
"69",1979,0.122286989594394,"Dual-earners","White women"
"70",1979,0.0902615684714009,"Intensive Parents","White women"
"71",1979,0.173808530925067,"Conventional","Black men"
"72",1979,0.256794284834057,"Neo-traditional","Black men"
"73",1979,0.195249793658166,"Conventional Realists","Black men"
"74",1979,0.275840504245698,"Dual-earners","Black men"
"75",1979,0.0983068863370127,"Intensive Parents","Black men"
"76",1979,0.12449805083989,"Conventional","Black women"
"77",1979,0.423832334098283,"Neo-traditional","Black women"
"78",1979,0.0826433980702991,"Conventional Realists","Black women"
"79",1979,0.315050417934955,"Dual-earners","Black women"
"80",1979,0.0539757990565729,"Intensive Parents","Black women"
"81",1980,0.342883489319821,"Conventional","White men"
"82",1980,0.303908211575595,"Neo-traditional","White men"
"83",1980,0.17081216194829,"Conventional Realists","White men"
"84",1980,0.0940078258307218,"Dual-earners","White men"
"85",1980,0.0883883113255711,"Intensive Parents","White men"
"86",1980,0.271934819709991,"Conventional","White women"
"87",1980,0.340802234981122,"Neo-traditional","White women"
"88",1980,0.175352790123755,"Conventional Realists","White women"
"89",1980,0.120042314140092,"Dual-earners","White women"
"90",1980,0.0918678410450393,"Intensive Parents","White women"
"91",1980,0.205208213881321,"Conventional","Black men"
"92",1980,0.299930648663389,"Neo-traditional","Black men"
"93",1980,0.0694512618648039,"Conventional Realists","Black men"
"94",1980,0.255370773624076,"Dual-earners","Black men"
"95",1980,0.170039101966409,"Intensive Parents","Black men"
"96",1980,0.109506583448236,"Conventional","Black women"
"97",1980,0.362743585939375,"Neo-traditional","Black women"
"98",1980,0.0745950144665776,"Conventional Realists","Black women"
"99",1980,0.386439418177712,"Dual-earners","Black women"
"100",1980,0.066715397968099,"Intensive Parents","Black women"
"101",1981,0.331272381883065,"Conventional","White men"
"102",1981,0.322743850953773,"Neo-traditional","White men"
"103",1981,0.156005411742816,"Conventional Realists","White men"
"104",1981,0.0839838971128129,"Dual-earners","White men"
"105",1981,0.105994458307533,"Intensive Parents","White men"
"106",1981,0.217565930350084,"Conventional","White women"
"107",1981,0.362309024652007,"Neo-traditional","White women"
"108",1981,0.170254112242662,"Conventional Realists","White women"
"109",1981,0.136228994936212,"Dual-earners","White women"
"110",1981,0.113641937819034,"Intensive Parents","White women"
"111",1981,0.156648418464933,"Conventional","Black men"
"112",1981,0.357077383153323,"Neo-traditional","Black men"
"113",1981,0.0969615749185286,"Conventional Realists","Black men"
"114",1981,0.218949283789314,"Dual-earners","Black men"
"115",1981,0.170363339673901,"Intensive Parents","Black men"
"116",1981,0.103470656258717,"Conventional","Black women"
"117",1981,0.355384374325737,"Neo-traditional","Black women"
"118",1981,0.0786113211152587,"Conventional Realists","Black women"
"119",1981,0.348613998980373,"Dual-earners","Black women"
"120",1981,0.113919649319914,"Intensive Parents","Black women"
"121",1982,0.335362990578726,"Conventional","White men"
"122",1982,0.301911373609281,"Neo-traditional","White men"
"123",1982,0.192183593738734,"Conventional Realists","White men"
"124",1982,0.0532297099446043,"Dual-earners","White men"
"125",1982,0.117312332128655,"Intensive Parents","White men"
"126",1982,0.188704937435524,"Conventional","White women"
"127",1982,0.356293451169823,"Neo-traditional","White women"
"128",1982,0.181558604504078,"Conventional Realists","White women"
"129",1982,0.168600062562513,"Dual-earners","White women"
"130",1982,0.104842944328063,"Intensive Parents","White women"
"131",1982,0.134729723708608,"Conventional","Black men"
"132",1982,0.218235561454417,"Neo-traditional","Black men"
"133",1982,0.141232258526536,"Conventional Realists","Black men"
"134",1982,0.257913405758912,"Dual-earners","Black men"
"135",1982,0.247889050551527,"Intensive Parents","Black men"
"136",1982,0.0797503192418594,"Conventional","Black women"
"137",1982,0.254663703441125,"Neo-traditional","Black women"
"138",1982,0.097887011400582,"Conventional Realists","Black women"
"139",1982,0.447122104130264,"Dual-earners","Black women"
"140",1982,0.12057686178617,"Intensive Parents","Black women"
"141",1983,0.276269822608465,"Conventional","White men"
"142",1983,0.280939594006838,"Neo-traditional","White men"
"143",1983,0.190772260200434,"Conventional Realists","White men"
"144",1983,0.110658504654933,"Dual-earners","White men"
"145",1983,0.14135981852933,"Intensive Parents","White men"
"146",1983,0.181970997573444,"Conventional","White women"
"147",1983,0.304843944060744,"Neo-traditional","White women"
"148",1983,0.247018261713891,"Conventional Realists","White women"
"149",1983,0.150897335979718,"Dual-earners","White women"
"150",1983,0.115269460672203,"Intensive Parents","White women"
"151",1983,0.153662038367706,"Conventional","Black men"
"152",1983,0.301956681752266,"Neo-traditional","Black men"
"153",1983,0.102137340134612,"Conventional Realists","Black men"
"154",1983,0.295914204194991,"Dual-earners","Black men"
"155",1983,0.146329735550424,"Intensive Parents","Black men"
"156",1983,0.0764159364861686,"Conventional","Black women"
"157",1983,0.305629700374645,"Neo-traditional","Black women"
"158",1983,0.148242668691424,"Conventional Realists","Black women"
"159",1983,0.356742634641693,"Dual-earners","Black women"
"160",1983,0.11296905980607,"Intensive Parents","Black women"
"161",1984,0.28390318387333,"Conventional","White men"
"162",1984,0.255698589648662,"Neo-traditional","White men"
"163",1984,0.210076576826148,"Conventional Realists","White men"
"164",1984,0.0926808801877018,"Dual-earners","White men"
"165",1984,0.157640769464158,"Intensive Parents","White men"
"166",1984,0.169010098764826,"Conventional","White women"
"167",1984,0.312649184324423,"Neo-traditional","White women"
"168",1984,0.206339729254421,"Conventional Realists","White women"
"169",1984,0.159430092043648,"Dual-earners","White women"
"170",1984,0.152570895612681,"Intensive Parents","White women"
"171",1984,0.131148856764338,"Conventional","Black men"
"172",1984,0.251958358793918,"Neo-traditional","Black men"
"173",1984,0.133755568255842,"Conventional Realists","Black men"
"174",1984,0.243010003799433,"Dual-earners","Black men"
"175",1984,0.240127212386468,"Intensive Parents","Black men"
"176",1984,0.0952948840458504,"Conventional","Black women"
"177",1984,0.284783315714049,"Neo-traditional","Black women"
"178",1984,0.177297943168183,"Conventional Realists","Black women"
"179",1984,0.370033320591096,"Dual-earners","Black women"
"180",1984,0.0725905364808215,"Intensive Parents","Black women"
"181",1985,0.260833722475125,"Conventional","White men"
"182",1985,0.260062501158251,"Neo-traditional","White men"
"183",1985,0.21187913360425,"Conventional Realists","White men"
"184",1985,0.1106360238712,"Dual-earners","White men"
"185",1985,0.156588618891174,"Intensive Parents","White men"
"186",1985,0.154448298511787,"Conventional","White women"
"187",1985,0.306290727442494,"Neo-traditional","White women"
"188",1985,0.212236331633747,"Conventional Realists","White women"
"189",1985,0.157969027700035,"Dual-earners","White women"
"190",1985,0.169055614711937,"Intensive Parents","White women"
"191",1985,0.148211497513182,"Conventional","Black men"
"192",1985,0.310631000714121,"Neo-traditional","Black men"
"193",1985,0.185700591524128,"Conventional Realists","Black men"
"194",1985,0.210756534041577,"Dual-earners","Black men"
"195",1985,0.144700376206991,"Intensive Parents","Black men"
"196",1985,0.0879442038620452,"Conventional","Black women"
"197",1985,0.302521522109415,"Neo-traditional","Black women"
"198",1985,0.115389239322298,"Conventional Realists","Black women"
"199",1985,0.387398431829023,"Dual-earners","Black women"
"200",1985,0.106746602877218,"Intensive Parents","Black women"
"201",1986,0.218816069873819,"Conventional","White men"
"202",1986,0.289705359551854,"Neo-traditional","White men"
"203",1986,0.201175113568339,"Conventional Realists","White men"
"204",1986,0.0997403512913173,"Dual-earners","White men"
"205",1986,0.19056310571467,"Intensive Parents","White men"
"206",1986,0.133032684297298,"Conventional","White women"
"207",1986,0.275051571472429,"Neo-traditional","White women"
"208",1986,0.230699372581587,"Conventional Realists","White women"
"209",1986,0.186509201717138,"Dual-earners","White women"
"210",1986,0.174707169931548,"Intensive Parents","White women"
"211",1986,0.131537481036145,"Conventional","Black men"
"212",1986,0.267337532188655,"Neo-traditional","Black men"
"213",1986,0.196772488763181,"Conventional Realists","Black men"
"214",1986,0.261372633403259,"Dual-earners","Black men"
"215",1986,0.14297986460876,"Intensive Parents","Black men"
"216",1986,0.0857948401894068,"Conventional","Black women"
"217",1986,0.23003152144803,"Neo-traditional","Black women"
"218",1986,0.13156835712361,"Conventional Realists","Black women"
"219",1986,0.404482666785355,"Dual-earners","Black women"
"220",1986,0.148122614453598,"Intensive Parents","Black women"
"221",1987,0.207548928178991,"Conventional","White men"
"222",1987,0.257624301666849,"Neo-traditional","White men"
"223",1987,0.240942965192433,"Conventional Realists","White men"
"224",1987,0.090077971526373,"Dual-earners","White men"
"225",1987,0.203805833435354,"Intensive Parents","White men"
"226",1987,0.129205896529885,"Conventional","White women"
"227",1987,0.279962778681302,"Neo-traditional","White women"
"228",1987,0.226576098442637,"Conventional Realists","White women"
"229",1987,0.199658539506864,"Dual-earners","White women"
"230",1987,0.164596686839312,"Intensive Parents","White women"
"231",1987,0.112183659948932,"Conventional","Black men"
"232",1987,0.2113708759361,"Neo-traditional","Black men"
"233",1987,0.141230484104408,"Conventional Realists","Black men"
"234",1987,0.409853448017565,"Dual-earners","Black men"
"235",1987,0.125361531992995,"Intensive Parents","Black men"
"236",1987,0.0718690680813943,"Conventional","Black women"
"237",1987,0.264490741068158,"Neo-traditional","Black women"
"238",1987,0.118904426465916,"Conventional Realists","Black women"
"239",1987,0.393854420669897,"Dual-earners","Black women"
"240",1987,0.150881343714634,"Intensive Parents","Black women"
"241",1988,0.198869260796455,"Conventional","White men"
"242",1988,0.261813777279212,"Neo-traditional","White men"
"243",1988,0.225431969389682,"Conventional Realists","White men"
"244",1988,0.165399329256671,"Dual-earners","White men"
"245",1988,0.148485663277981,"Intensive Parents","White men"
"246",1988,0.111882138161946,"Conventional","White women"
"247",1988,0.297480927108853,"Neo-traditional","White women"
"248",1988,0.207127825212357,"Conventional Realists","White women"
"249",1988,0.195104634025292,"Dual-earners","White women"
"250",1988,0.188404475491552,"Intensive Parents","White women"
"251",1988,0.102035050593337,"Conventional","Black men"
"252",1988,0.13711369101909,"Neo-traditional","Black men"
"253",1988,0.20004283832253,"Conventional Realists","Black men"
"254",1988,0.342261646040032,"Dual-earners","Black men"
"255",1988,0.218546774025011,"Intensive Parents","Black men"
"256",1988,0.0866919223821434,"Conventional","Black women"
"257",1988,0.233739677210331,"Neo-traditional","Black women"
"258",1988,0.141407164637847,"Conventional Realists","Black women"
"259",1988,0.456243403013816,"Dual-earners","Black women"
"260",1988,0.0819178327558615,"Intensive Parents","Black women"
"261",1989,0.192579013892065,"Conventional","White men"
"262",1989,0.26350327116173,"Neo-traditional","White men"
"263",1989,0.23798975562327,"Conventional Realists","White men"
"264",1989,0.118712421067846,"Dual-earners","White men"
"265",1989,0.187215538255088,"Intensive Parents","White men"
"266",1989,0.116452791908296,"Conventional","White women"
"267",1989,0.257808736807167,"Neo-traditional","White women"
"268",1989,0.190950481629201,"Conventional Realists","White women"
"269",1989,0.286422510819627,"Dual-earners","White women"
"270",1989,0.148365478835709,"Intensive Parents","White women"
"271",1989,0.152826588929002,"Conventional","Black men"
"272",1989,0.284615701308369,"Neo-traditional","Black men"
"273",1989,0.116155764600957,"Conventional Realists","Black men"
"274",1989,0.319770753987337,"Dual-earners","Black men"
"275",1989,0.126631191174335,"Intensive Parents","Black men"
"276",1989,0.0678488397102797,"Conventional","Black women"
"277",1989,0.20964489455636,"Neo-traditional","Black women"
"278",1989,0.194914993358345,"Conventional Realists","Black women"
"279",1989,0.413023407154268,"Dual-earners","Black women"
"280",1989,0.114567865220747,"Intensive Parents","Black women"
"281",1990,0.169516554419568,"Conventional","White men"
"282",1990,0.226757343049944,"Neo-traditional","White men"
"283",1990,0.238671005126278,"Conventional Realists","White men"
"284",1990,0.128961372599902,"Dual-earners","White men"
"285",1990,0.236093724804308,"Intensive Parents","White men"
"286",1990,0.101614514289873,"Conventional","White women"
"287",1990,0.212853279490936,"Neo-traditional","White women"
"288",1990,0.248094118261218,"Conventional Realists","White women"
"289",1990,0.226399794830621,"Dual-earners","White women"
"290",1990,0.211038293127351,"Intensive Parents","White women"
"291",1990,0.126424381348807,"Conventional","Black men"
"292",1990,0.173319694571387,"Neo-traditional","Black men"
"293",1990,0.161874689357247,"Conventional Realists","Black men"
"294",1990,0.337409221225114,"Dual-earners","Black men"
"295",1990,0.200972013497444,"Intensive Parents","Black men"
"296",1990,0.0818425821948185,"Conventional","Black women"
"297",1990,0.222827876899713,"Neo-traditional","Black women"
"298",1990,0.120164873192755,"Conventional Realists","Black women"
"299",1990,0.451629307778712,"Dual-earners","Black women"
"300",1990,0.123535359934002,"Intensive Parents","Black women"
"301",1991,0.18409741314435,"Conventional","White men"
"302",1991,0.228874783348278,"Neo-traditional","White men"
"303",1991,0.227683466341164,"Conventional Realists","White men"
"304",1991,0.131983005112529,"Dual-earners","White men"
"305",1991,0.227361332053679,"Intensive Parents","White men"
"306",1991,0.106613784359628,"Conventional","White women"
"307",1991,0.216264618973262,"Neo-traditional","White women"
"308",1991,0.211328429043987,"Conventional Realists","White women"
"309",1991,0.243067205865095,"Dual-earners","White women"
"310",1991,0.222725961758028,"Intensive Parents","White women"
"311",1991,0.0686638376868152,"Conventional","Black men"
"312",1991,0.228573764850623,"Neo-traditional","Black men"
"313",1991,0.220823861647292,"Conventional Realists","Black men"
"314",1991,0.367189010975379,"Dual-earners","Black men"
"315",1991,0.114749524839891,"Intensive Parents","Black men"
"316",1991,0.0485810483230659,"Conventional","Black women"
"317",1991,0.163270055572031,"Neo-traditional","Black women"
"318",1991,0.130677383330452,"Conventional Realists","Black women"
"319",1991,0.500934275556521,"Dual-earners","Black women"
"320",1991,0.156537237217931,"Intensive Parents","Black women"
"321",1992,0.154585216420198,"Conventional","White men"
"322",1992,0.259295206693002,"Neo-traditional","White men"
"323",1992,0.225850125462435,"Conventional Realists","White men"
"324",1992,0.149431709088184,"Dual-earners","White men"
"325",1992,0.210837742336182,"Intensive Parents","White men"
"326",1992,0.103721822675474,"Conventional","White women"
"327",1992,0.235871494956002,"Neo-traditional","White women"
"328",1992,0.220037569011748,"Conventional Realists","White women"
"329",1992,0.216950974821245,"Dual-earners","White women"
"330",1992,0.22341813853553,"Intensive Parents","White women"
"331",1992,0.143982745180593,"Conventional","Black men"
"332",1992,0.149978154097816,"Neo-traditional","Black men"
"333",1992,0.151584957334097,"Conventional Realists","Black men"
"334",1992,0.360367543766191,"Dual-earners","Black men"
"335",1992,0.194086599621302,"Intensive Parents","Black men"
"336",1992,0.029772540603727,"Conventional","Black women"
"337",1992,0.205753904256542,"Neo-traditional","Black women"
"338",1992,0.107171388818688,"Conventional Realists","Black women"
"339",1992,0.47312811920551,"Dual-earners","Black women"
"340",1992,0.184174047115533,"Intensive Parents","Black women"
"341",1993,0.13296037225374,"Conventional","White men"
"342",1993,0.246278723987255,"Neo-traditional","White men"
"343",1993,0.246474091395608,"Conventional Realists","White men"
"344",1993,0.13599781394563,"Dual-earners","White men"
"345",1993,0.238288998417767,"Intensive Parents","White men"
"346",1993,0.109289408925968,"Conventional","White women"
"347",1993,0.202937282096365,"Neo-traditional","White women"
"348",1993,0.237332505369498,"Conventional Realists","White women"
"349",1993,0.203871305062844,"Dual-earners","White women"
"350",1993,0.246569498545326,"Intensive Parents","White women"
"351",1993,0.0819730442049946,"Conventional","Black men"
"352",1993,0.264024809418582,"Neo-traditional","Black men"
"353",1993,0.119694296869287,"Conventional Realists","Black men"
"354",1993,0.358866787926032,"Dual-earners","Black men"
"355",1993,0.175441061581105,"Intensive Parents","Black men"
"356",1993,0.0927352160635521,"Conventional","Black women"
"357",1993,0.192458713089322,"Neo-traditional","Black women"
"358",1993,0.14646294408285,"Conventional Realists","Black women"
"359",1993,0.444454579464562,"Dual-earners","Black women"
"360",1993,0.123888547299714,"Intensive Parents","Black women"
"361",1994,0.130030904409509,"Conventional","White men"
"362",1994,0.17820952614685,"Neo-traditional","White men"
"363",1994,0.282653236551564,"Conventional Realists","White men"
"364",1994,0.129158332368542,"Dual-earners","White men"
"365",1994,0.279948000523535,"Intensive Parents","White men"
"366",1994,0.0684429749579549,"Conventional","White women"
"367",1994,0.19945222722426,"Neo-traditional","White women"
"368",1994,0.233230720299854,"Conventional Realists","White women"
"369",1994,0.216349305192405,"Dual-earners","White women"
"370",1994,0.282524772325526,"Intensive Parents","White women"
"371",1994,0.0607570022590307,"Conventional","Black men"
"372",1994,0.227469073279414,"Neo-traditional","Black men"
"373",1994,0.171963352670122,"Conventional Realists","Black men"
"374",1994,0.288840077381773,"Dual-earners","Black men"
"375",1994,0.25097049440966,"Intensive Parents","Black men"
"376",1994,0.0488425802274955,"Conventional","Black women"
"377",1994,0.216392368847834,"Neo-traditional","Black women"
"378",1994,0.184807440239994,"Conventional Realists","Black women"
"379",1994,0.381263454079999,"Dual-earners","Black women"
"380",1994,0.168694156604677,"Intensive Parents","Black women"
"381",1995,0.12151601209222,"Conventional","White men"
"382",1995,0.19614965990798,"Neo-traditional","White men"
"383",1995,0.242897402943976,"Conventional Realists","White men"
"384",1995,0.182753461804722,"Dual-earners","White men"
"385",1995,0.256683463251101,"Intensive Parents","White men"
"386",1995,0.0629126837465635,"Conventional","White women"
"387",1995,0.193264660312577,"Neo-traditional","White women"
"388",1995,0.237068672460763,"Conventional Realists","White women"
"389",1995,0.236525088139677,"Dual-earners","White women"
"390",1995,0.270228895340419,"Intensive Parents","White women"
"391",1995,0.0709096489531958,"Conventional","Black men"
"392",1995,0.159941713861863,"Neo-traditional","Black men"
"393",1995,0.129938177972939,"Conventional Realists","Black men"
"394",1995,0.297874989131768,"Dual-earners","Black men"
"395",1995,0.341335470080234,"Intensive Parents","Black men"
"396",1995,0.0597356918066656,"Conventional","Black women"
"397",1995,0.187457481927226,"Neo-traditional","Black women"
"398",1995,0.184272739531405,"Conventional Realists","Black women"
"399",1995,0.430209491556294,"Dual-earners","Black women"
"400",1995,0.138324595178409,"Intensive Parents","Black women"
"401",1996,0.122657328274525,"Conventional","White men"
"402",1996,0.221779854264156,"Neo-traditional","White men"
"403",1996,0.19763817454913,"Conventional Realists","White men"
"404",1996,0.201548342387981,"Dual-earners","White men"
"405",1996,0.256376300524208,"Intensive Parents","White men"
"406",1996,0.0812614093716841,"Conventional","White women"
"407",1996,0.201786814534105,"Neo-traditional","White women"
"408",1996,0.247944939167867,"Conventional Realists","White women"
"409",1996,0.220705867282177,"Dual-earners","White women"
"410",1996,0.248300969644167,"Intensive Parents","White women"
"411",1996,0.0759238158415613,"Conventional","Black men"
"412",1996,0.177227151054462,"Neo-traditional","Black men"
"413",1996,0.167343837649491,"Conventional Realists","Black men"
"414",1996,0.353776421493117,"Dual-earners","Black men"
"415",1996,0.225728773961369,"Intensive Parents","Black men"
"416",1996,0.10123719347115,"Conventional","Black women"
"417",1996,0.175976961564159,"Neo-traditional","Black women"
"418",1996,0.109869507448766,"Conventional Realists","Black women"
"419",1996,0.468759151426114,"Dual-earners","Black women"
"420",1996,0.14415718608981,"Intensive Parents","Black women"
"421",1997,0.12509038618782,"Conventional","White men"
"422",1997,0.196575039068466,"Neo-traditional","White men"
"423",1997,0.271179360712091,"Conventional Realists","White men"
"424",1997,0.165313882611306,"Dual-earners","White men"
"425",1997,0.241841331420317,"Intensive Parents","White men"
"426",1997,0.0752970323639133,"Conventional","White women"
"427",1997,0.176891926565916,"Neo-traditional","White women"
"428",1997,0.260487236695177,"Conventional Realists","White women"
"429",1997,0.20766572949944,"Dual-earners","White women"
"430",1997,0.279658074875554,"Intensive Parents","White women"
"431",1997,0.0740506178469633,"Conventional","Black men"
"432",1997,0.240359710662581,"Neo-traditional","Black men"
"433",1997,0.153576838501368,"Conventional Realists","Black men"
"434",1997,0.410764131785459,"Dual-earners","Black men"
"435",1997,0.121248701203629,"Intensive Parents","Black men"
"436",1997,0.0740824610178175,"Conventional","Black women"
"437",1997,0.223913484919075,"Neo-traditional","Black women"
"438",1997,0.167800288300802,"Conventional Realists","Black women"
"439",1997,0.421372294362905,"Dual-earners","Black women"
"440",1997,0.112831471399401,"Intensive Parents","Black women"
"441",1998,0.120049914559442,"Conventional","White men"
"442",1998,0.210595514464377,"Neo-traditional","White men"
"443",1998,0.266825528977742,"Conventional Realists","White men"
"444",1998,0.173577540031212,"Dual-earners","White men"
"445",1998,0.228951501967227,"Intensive Parents","White men"
"446",1998,0.0783327914793111,"Conventional","White women"
"447",1998,0.18642721394869,"Neo-traditional","White women"
"448",1998,0.19855001240608,"Conventional Realists","White women"
"449",1998,0.241833891270014,"Dual-earners","White women"
"450",1998,0.294856090895905,"Intensive Parents","White women"
"451",1998,0.113352112650074,"Conventional","Black men"
"452",1998,0.170940722754525,"Neo-traditional","Black men"
"453",1998,0.10530538581441,"Conventional Realists","Black men"
"454",1998,0.334846224942585,"Dual-earners","Black men"
"455",1998,0.275555553838406,"Intensive Parents","Black men"
"456",1998,0.0813866548882896,"Conventional","Black women"
"457",1998,0.208525024770262,"Neo-traditional","Black women"
"458",1998,0.0833579700588579,"Conventional Realists","Black women"
"459",1998,0.412472659508223,"Dual-earners","Black women"
"460",1998,0.214257690774367,"Intensive Parents","Black women"
"461",1999,0.140020753091049,"Conventional","White men"
"462",1999,0.206252327259488,"Neo-traditional","White men"
"463",1999,0.25812188762642,"Conventional Realists","White men"
"464",1999,0.152648361715231,"Dual-earners","White men"
"465",1999,0.242956670307812,"Intensive Parents","White men"
"466",1999,0.0631458035010926,"Conventional","White women"
"467",1999,0.210709687740656,"Neo-traditional","White women"
"468",1999,0.265717397285971,"Conventional Realists","White women"
"469",1999,0.222512143770339,"Dual-earners","White women"
"470",1999,0.237914967701941,"Intensive Parents","White women"
"471",1999,0.101861444279949,"Conventional","Black men"
"472",1999,0.264306136541201,"Neo-traditional","Black men"
"473",1999,0.231611619149304,"Conventional Realists","Black men"
"474",1999,0.244681969039198,"Dual-earners","Black men"
"475",1999,0.157538830990348,"Intensive Parents","Black men"
"476",1999,0.0631660594450134,"Conventional","Black women"
"477",1999,0.187448540348673,"Neo-traditional","Black women"
"478",1999,0.189523459208122,"Conventional Realists","Black women"
"479",1999,0.4049893094126,"Dual-earners","Black women"
"480",1999,0.154872631585591,"Intensive Parents","Black women"
"481",2000,0.116164589736103,"Conventional","White men"
"482",2000,0.242707854546225,"Neo-traditional","White men"
"483",2000,0.290477160021664,"Conventional Realists","White men"
"484",2000,0.14528932891864,"Dual-earners","White men"
"485",2000,0.205361066777368,"Intensive Parents","White men"
"486",2000,0.0716128873911616,"Conventional","White women"
"487",2000,0.191820323970874,"Neo-traditional","White women"
"488",2000,0.266157787115703,"Conventional Realists","White women"
"489",2000,0.193366851957241,"Dual-earners","White women"
"490",2000,0.27704214956502,"Intensive Parents","White women"
"491",2000,0.14390248405065,"Conventional","Black men"
"492",2000,0.278211264119713,"Neo-traditional","Black men"
"493",2000,0.159103770183835,"Conventional Realists","Black men"
"494",2000,0.266645950366351,"Dual-earners","Black men"
"495",2000,0.15213653127945,"Intensive Parents","Black men"
"496",2000,0.0791767004240304,"Conventional","Black women"
"497",2000,0.249650414528101,"Neo-traditional","Black women"
"498",2000,0.151268011659763,"Conventional Realists","Black women"
"499",2000,0.353197481035315,"Dual-earners","Black women"
"500",2000,0.16670739235279,"Intensive Parents","Black women"
"501",2001,0.107430791249697,"Conventional","White men"
"502",2001,0.190213177582437,"Neo-traditional","White men"
"503",2001,0.302276842294761,"Conventional Realists","White men"
"504",2001,0.169613751101823,"Dual-earners","White men"
"505",2001,0.230465437771283,"Intensive Parents","White men"
"506",2001,0.0677179821149207,"Conventional","White women"
"507",2001,0.228801932283166,"Neo-traditional","White women"
"508",2001,0.26311463988098,"Conventional Realists","White women"
"509",2001,0.180912175177989,"Dual-earners","White women"
"510",2001,0.259453270542945,"Intensive Parents","White women"
"511",2001,0.0920930324069933,"Conventional","Black men"
"512",2001,0.200674469347724,"Neo-traditional","Black men"
"513",2001,0.205566286025678,"Conventional Realists","Black men"
"514",2001,0.258377352025008,"Dual-earners","Black men"
"515",2001,0.243288860194597,"Intensive Parents","Black men"
"516",2001,0.120354549176922,"Conventional","Black women"
"517",2001,0.155399808094515,"Neo-traditional","Black women"
"518",2001,0.130027778070717,"Conventional Realists","Black women"
"519",2001,0.475371524086137,"Dual-earners","Black women"
"520",2001,0.118846340571709,"Intensive Parents","Black women"
"521",2002,0.136666677280574,"Conventional","White men"
"522",2002,0.218308586397683,"Neo-traditional","White men"
"523",2002,0.296246138109817,"Conventional Realists","White men"
"524",2002,0.13986867503302,"Dual-earners","White men"
"525",2002,0.208909923178907,"Intensive Parents","White men"
"526",2002,0.0653129285512475,"Conventional","White women"
"527",2002,0.176661657183732,"Neo-traditional","White women"
"528",2002,0.246410999917763,"Conventional Realists","White women"
"529",2002,0.232732708061777,"Dual-earners","White women"
"530",2002,0.278881706285481,"Intensive Parents","White women"
"531",2002,0.105595935322608,"Conventional","Black men"
"532",2002,0.157708055040057,"Neo-traditional","Black men"
"533",2002,0.333869599587277,"Conventional Realists","Black men"
"534",2002,0.314472844796654,"Dual-earners","Black men"
"535",2002,0.088353565253404,"Intensive Parents","Black men"
"536",2002,0.0461504209278881,"Conventional","Black women"
"537",2002,0.271302827040084,"Neo-traditional","Black women"
"538",2002,0.174279280718881,"Conventional Realists","Black women"
"539",2002,0.461483213621732,"Dual-earners","Black women"
"540",2002,0.0467842576914143,"Intensive Parents","Black women"
"541",2003,0.123630739325117,"Conventional","White men"
"542",2003,0.245371657164581,"Neo-traditional","White men"
"543",2003,0.236012216726717,"Conventional Realists","White men"
"544",2003,0.176662227273263,"Dual-earners","White men"
"545",2003,0.218323159510322,"Intensive Parents","White men"
"546",2003,0.0581169178542827,"Conventional","White women"
"547",2003,0.132764823066652,"Neo-traditional","White women"
"548",2003,0.270973733923179,"Conventional Realists","White women"
"549",2003,0.215055304375164,"Dual-earners","White women"
"550",2003,0.323089220780722,"Intensive Parents","White women"
"551",2003,0.139108378844767,"Conventional","Black men"
"552",2003,0.187983013097097,"Neo-traditional","Black men"
"553",2003,0.120964351289398,"Conventional Realists","Black men"
"554",2003,0.359571407082794,"Dual-earners","Black men"
"555",2003,0.192372849685944,"Intensive Parents","Black men"
"556",2003,0.0522176318673873,"Conventional","Black women"
"557",2003,0.162641856855018,"Neo-traditional","Black women"
"558",2003,0.192123666976086,"Conventional Realists","Black women"
"559",2003,0.419836783256099,"Dual-earners","Black women"
"560",2003,0.17318006104541,"Intensive Parents","Black women"
"561",2004,0.132006543371055,"Conventional","White men"
"562",2004,0.21708850910042,"Neo-traditional","White men"
"563",2004,0.317214057752772,"Conventional Realists","White men"
"564",2004,0.126515777866669,"Dual-earners","White men"
"565",2004,0.207175111909084,"Intensive Parents","White men"
"566",2004,0.0682481050592322,"Conventional","White women"
"567",2004,0.178037982968591,"Neo-traditional","White women"
"568",2004,0.208842584032112,"Conventional Realists","White women"
"569",2004,0.223614612374763,"Dual-earners","White women"
"570",2004,0.321256715565302,"Intensive Parents","White women"
"571",2004,0.074095407111563,"Conventional","Black men"
"572",2004,0.228029301415864,"Neo-traditional","Black men"
"573",2004,0.204140311698623,"Conventional Realists","Black men"
"574",2004,0.344254567706646,"Dual-earners","Black men"
"575",2004,0.149480412067304,"Intensive Parents","Black men"
"576",2004,0.0309606548141215,"Conventional","Black women"
"577",2004,0.181610779805891,"Neo-traditional","Black women"
"578",2004,0.182929318940222,"Conventional Realists","Black women"
"579",2004,0.463818021204116,"Dual-earners","Black women"
"580",2004,0.140681225235649,"Intensive Parents","Black women"
"581",2005,0.133834554974797,"Conventional","White men"
"582",2005,0.203082386390871,"Neo-traditional","White men"
"583",2005,0.269766328974047,"Conventional Realists","White men"
"584",2005,0.15227990002722,"Dual-earners","White men"
"585",2005,0.241036829633065,"Intensive Parents","White men"
"586",2005,0.0691761724086433,"Conventional","White women"
"587",2005,0.156969332900657,"Neo-traditional","White women"
"588",2005,0.259397242060083,"Conventional Realists","White women"
"589",2005,0.193966094364067,"Dual-earners","White women"
"590",2005,0.32049115826655,"Intensive Parents","White women"
"591",2005,0.171803804746943,"Conventional","Black men"
"592",2005,0.174618930801716,"Neo-traditional","Black men"
"593",2005,0.120786278806269,"Conventional Realists","Black men"
"594",2005,0.332707552386867,"Dual-earners","Black men"
"595",2005,0.200083433258204,"Intensive Parents","Black men"
"596",2005,0.0720570637154306,"Conventional","Black women"
"597",2005,0.254721786544087,"Neo-traditional","Black women"
"598",2005,0.198279090036002,"Conventional Realists","Black women"
"599",2005,0.290571350671464,"Dual-earners","Black women"
"600",2005,0.184370709033017,"Intensive Parents","Black women"
"601",2006,0.120221616483632,"Conventional","White men"
"602",2006,0.238962348343922,"Neo-traditional","White men"
"603",2006,0.275743332010673,"Conventional Realists","White men"
"604",2006,0.139022980273712,"Dual-earners","White men"
"605",2006,0.22604972288806,"Intensive Parents","White men"
"606",2006,0.0764510363857175,"Conventional","White women"
"607",2006,0.183884055000146,"Neo-traditional","White women"
"608",2006,0.24190888100138,"Conventional Realists","White women"
"609",2006,0.213721859641179,"Dual-earners","White women"
"610",2006,0.284034167971578,"Intensive Parents","White women"
"611",2006,0.0850526398221279,"Conventional","Black men"
"612",2006,0.146747310697814,"Neo-traditional","Black men"
"613",2006,0.229659522145398,"Conventional Realists","Black men"
"614",2006,0.398123010870372,"Dual-earners","Black men"
"615",2006,0.140417516464288,"Intensive Parents","Black men"
"616",2006,0.134311059871154,"Conventional","Black women"
"617",2006,0.277195736196545,"Neo-traditional","Black women"
"618",2006,0.147725801084942,"Conventional Realists","Black women"
"619",2006,0.298819229253523,"Dual-earners","Black women"
"620",2006,0.141948173593836,"Intensive Parents","Black women"
"621",2007,0.111760169298751,"Conventional","White men"
"622",2007,0.214073301930431,"Neo-traditional","White men"
"623",2007,0.256321396288974,"Conventional Realists","White men"
"624",2007,0.16901599391524,"Dual-earners","White men"
"625",2007,0.248829138566604,"Intensive Parents","White men"
"626",2007,0.0532896803920396,"Conventional","White women"
"627",2007,0.161943522278294,"Neo-traditional","White women"
"628",2007,0.280775283633227,"Conventional Realists","White women"
"629",2007,0.190394789268157,"Dual-earners","White women"
"630",2007,0.313596724428282,"Intensive Parents","White women"
"631",2007,0.117474007012896,"Conventional","Black men"
"632",2007,0.275010960121832,"Neo-traditional","Black men"
"633",2007,0.107926928540627,"Conventional Realists","Black men"
"634",2007,0.351795234487898,"Dual-earners","Black men"
"635",2007,0.147792869836746,"Intensive Parents","Black men"
"636",2007,0.0801136260848963,"Conventional","Black women"
"637",2007,0.215467036907461,"Neo-traditional","Black women"
"638",2007,0.121448811631007,"Conventional Realists","Black women"
"639",2007,0.420425467563378,"Dual-earners","Black women"
"640",2007,0.162545057813258,"Intensive Parents","Black women"
"641",2008,0.0993880211522857,"Conventional","White men"
"642",2008,0.19405874360196,"Neo-traditional","White men"
"643",2008,0.288044095811805,"Conventional Realists","White men"
"644",2008,0.195230938316581,"Dual-earners","White men"
"645",2008,0.223278201117368,"Intensive Parents","White men"
"646",2008,0.0596626319990161,"Conventional","White women"
"647",2008,0.158697352489909,"Neo-traditional","White women"
"648",2008,0.222346164963821,"Conventional Realists","White women"
"649",2008,0.196752314930349,"Dual-earners","White women"
"650",2008,0.362541535616904,"Intensive Parents","White women"
"651",2008,0.0794246843072982,"Conventional","Black men"
"652",2008,0.238960231488854,"Neo-traditional","Black men"
"653",2008,0.113761489694524,"Conventional Realists","Black men"
"654",2008,0.35989637615188,"Dual-earners","Black men"
"655",2008,0.207957218357443,"Intensive Parents","Black men"
"656",2008,0.103136662996713,"Conventional","Black women"
"657",2008,0.216732678363705,"Neo-traditional","Black women"
"658",2008,0.182799598401872,"Conventional Realists","Black women"
"659",2008,0.409152815095034,"Dual-earners","Black women"
"660",2008,0.0881782451426754,"Intensive Parents","Black women"
"661",2009,0.0758080824504996,"Conventional","White men"
"662",2009,0.271277979692641,"Neo-traditional","White men"
"663",2009,0.22428397670512,"Conventional Realists","White men"
"664",2009,0.175574558962018,"Dual-earners","White men"
"665",2009,0.253055402189721,"Intensive Parents","White men"
"666",2009,0.0408969492741613,"Conventional","White women"
"667",2009,0.178553660119108,"Neo-traditional","White women"
"668",2009,0.27504870870769,"Conventional Realists","White women"
"669",2009,0.233741237599068,"Dual-earners","White women"
"670",2009,0.271759444299972,"Intensive Parents","White women"
"671",2009,0.105874752915939,"Conventional","Black men"
"672",2009,0.181350565930507,"Neo-traditional","Black men"
"673",2009,0.260201886860015,"Conventional Realists","Black men"
"674",2009,0.231059341615682,"Dual-earners","Black men"
"675",2009,0.221513452677856,"Intensive Parents","Black men"
"676",2009,0.126553022763845,"Conventional","Black women"
"677",2009,0.234884319197222,"Neo-traditional","Black women"
"678",2009,0.204151667977842,"Conventional Realists","Black women"
"679",2009,0.338629802915611,"Dual-earners","Black women"
"680",2009,0.0957811871454796,"Intensive Parents","Black women"
"681",2010,0.0939524861236486,"Conventional","White men"
"682",2010,0.231972777356392,"Neo-traditional","White men"
"683",2010,0.253254371971757,"Conventional Realists","White men"
"684",2010,0.206220856475,"Dual-earners","White men"
"685",2010,0.214599508073202,"Intensive Parents","White men"
"686",2010,0.0545009019067213,"Conventional","White women"
"687",2010,0.173774548755319,"Neo-traditional","White women"
"688",2010,0.254277710629893,"Conventional Realists","White women"
"689",2010,0.233743102460938,"Dual-earners","White women"
"690",2010,0.283703736247129,"Intensive Parents","White women"
"691",2010,0.0939932566410778,"Conventional","Black men"
"692",2010,0.148801038015081,"Neo-traditional","Black men"
"693",2010,0.191855539686129,"Conventional Realists","Black men"
"694",2010,0.296704306894738,"Dual-earners","Black men"
"695",2010,0.268645858762974,"Intensive Parents","Black men"
"696",2010,0.0754062167455428,"Conventional","Black women"
"697",2010,0.214262085127393,"Neo-traditional","Black women"
"698",2010,0.178253038326212,"Conventional Realists","Black women"
"699",2010,0.406373555262221,"Dual-earners","Black women"
"700",2010,0.125705104538632,"Intensive Parents","Black women"
"701",2011,0.0754980711215791,"Conventional","White men"
"702",2011,0.200195732365772,"Neo-traditional","White men"
"703",2011,0.272387846664946,"Conventional Realists","White men"
"704",2011,0.169371194057996,"Dual-earners","White men"
"705",2011,0.282547155789708,"Intensive Parents","White men"
"706",2011,0.0472153426168988,"Conventional","White women"
"707",2011,0.152001417339845,"Neo-traditional","White women"
"708",2011,0.276249044866371,"Conventional Realists","White women"
"709",2011,0.223363671465281,"Dual-earners","White women"
"710",2011,0.301170523711604,"Intensive Parents","White women"
"711",2011,0.0632070118414682,"Conventional","Black men"
"712",2011,0.189668937856585,"Neo-traditional","Black men"
"713",2011,0.246236381365968,"Conventional Realists","Black men"
"714",2011,0.331530695995869,"Dual-earners","Black men"
"715",2011,0.16935697294011,"Intensive Parents","Black men"
"716",2011,0.101928505738984,"Conventional","Black women"
"717",2011,0.221168208362847,"Neo-traditional","Black women"
"718",2011,0.150979081842943,"Conventional Realists","Black women"
"719",2011,0.295851640566182,"Dual-earners","Black women"
"720",2011,0.230072563489044,"Intensive Parents","Black women"
"721",2012,0.0824136277465557,"Conventional","White men"
"722",2012,0.253123566391734,"Neo-traditional","White men"
"723",2012,0.221337830270116,"Conventional Realists","White men"
"724",2012,0.204903590219993,"Dual-earners","White men"
"725",2012,0.238221385371601,"Intensive Parents","White men"
"726",2012,0.0491037115910209,"Conventional","White women"
"727",2012,0.189040304828879,"Neo-traditional","White women"
"728",2012,0.240370571313688,"Conventional Realists","White women"
"729",2012,0.228867142900446,"Dual-earners","White women"
"730",2012,0.292618269365966,"Intensive Parents","White women"
"731",2012,0.129876661378628,"Conventional","Black men"
"732",2012,0.300416763330719,"Neo-traditional","Black men"
"733",2012,0.141800476484138,"Conventional Realists","Black men"
"734",2012,0.308182855587043,"Dual-earners","Black men"
"735",2012,0.119723243219473,"Intensive Parents","Black men"
"736",2012,0.0301261639178612,"Conventional","Black women"
"737",2012,0.102220372326096,"Neo-traditional","Black women"
"738",2012,0.255262323860093,"Conventional Realists","Black women"
"739",2012,0.412259261219534,"Dual-earners","Black women"
"740",2012,0.200131878676416,"Intensive Parents","Black women"
"741",2013,0.0868333873372501,"Conventional","White men"
"742",2013,0.214065088387927,"Neo-traditional","White men"
"743",2013,0.221887058218928,"Conventional Realists","White men"
"744",2013,0.228195332790919,"Dual-earners","White men"
"745",2013,0.249019133264976,"Intensive Parents","White men"
"746",2013,0.0461626236054135,"Conventional","White women"
"747",2013,0.184825282247106,"Neo-traditional","White women"
"748",2013,0.222978350831191,"Conventional Realists","White women"
"749",2013,0.303648085770089,"Dual-earners","White women"
"750",2013,0.2423856575462,"Intensive Parents","White women"
"751",2013,0.0854883673705398,"Conventional","Black men"
"752",2013,0.155909679535262,"Neo-traditional","Black men"
"753",2013,0.252853696024405,"Conventional Realists","Black men"
"754",2013,0.293245692434322,"Dual-earners","Black men"
"755",2013,0.212502564635471,"Intensive Parents","Black men"
"756",2013,0.067687869501585,"Conventional","Black women"
"757",2013,0.23080618811193,"Neo-traditional","Black women"
"758",2013,0.167303188503268,"Conventional Realists","Black women"
"759",2013,0.375403252628428,"Dual-earners","Black women"
"760",2013,0.15879950125479,"Intensive Parents","Black women"
"761",2014,0.104133784006975,"Conventional","White men"
"762",2014,0.217340115738463,"Neo-traditional","White men"
"763",2014,0.253513057373609,"Conventional Realists","White men"
"764",2014,0.194240928036139,"Dual-earners","White men"
"765",2014,0.230772114844814,"Intensive Parents","White men"
"766",2014,0.0489343561795382,"Conventional","White women"
"767",2014,0.12686972993853,"Neo-traditional","White women"
"768",2014,0.273721592440657,"Conventional Realists","White women"
"769",2014,0.244768288983896,"Dual-earners","White women"
"770",2014,0.305706032457379,"Intensive Parents","White women"
"771",2014,0.0926119192014433,"Conventional","Black men"
"772",2014,0.216912340455657,"Neo-traditional","Black men"
"773",2014,0.158859267201906,"Conventional Realists","Black men"
"774",2014,0.289186520364029,"Dual-earners","Black men"
"775",2014,0.242429952776965,"Intensive Parents","Black men"
"776",2014,0.0452421714909023,"Conventional","Black women"
"777",2014,0.193253556979147,"Neo-traditional","Black women"
"778",2014,0.246146238799454,"Conventional Realists","Black women"
"779",2014,0.301284538116977,"Dual-earners","Black women"
"780",2014,0.21407349461352,"Intensive Parents","Black women"
